first_name,last_name,email
Joan,Nguyen,jnguyen@example.com
Rose,King,rking@example.com
Katherine,Soto,ksoto@example.com
Patricia,Baker,pbaker@example.com
Shaun,Fowler,sfowler@example.com
Matthew,Peters,mpeters@example.com
Desiree,Delgado,ddelgado@example.com
Arthur,Ortiz,aortiz@example.com
Sarah,Olsen,solsen@example.com
Cassandra,Boyer,cboyer@example.com
Michelle,Fox,mfox@example.com
Ariel,Wright,awright@example.com
Aaron,Rosario,arosario@example.com
Chad,Powell,cpowell@example.com
Frances,Martin,fmartin@example.com
Sara,Stevens,sstevens@example.com
Joshua,Thompson,jthompson@example.com
Jason,Harris,jharris@example.com
Kyle,Salinas,ksalinas@example.com
Sara,Brown,sbrown@example.com
Phillip,Jackson,pjackson@example.com
Wendy,Duncan,wduncan@example.com
Anthony,Smith,asmith@example.com
Hunter,Winters,hwinters@example.com
Kelly,Villegas,kvillegas@example.com
Robert,Cruz,rcruz@example.com
Carla,Mercer,cmercer@example.com
Maria,Hayes,mhayes@example.com
Kevin,Lawson,klawson@example.com
Christopher,Farrell,cfarrell@example.com
Grant,Sullivan,gsullivan@example.com
Sarah,Taylor,staylor@example.com
Todd,Richardson,trichardson@example.com
Jennifer,Schmidt,jschmidt@example.com
Melissa,Lopez,mlopez@example.com
Eric,Sheppard,esheppard@example.com
Lydia,Cook,lcook@example.com
Amber,Carroll,acarroll@example.com
John,Mendoza,jmendoza@example.com
Kelly,Cortez,kcortez@example.com
Laura,Morrison,lmorrison@example.com
Kimberly,Sweeney,ksweeney@example.com
Randy,Morgan,rmorgan@example.com
Elizabeth,Moore,emoore@example.com
Donald,Reed,dreed@example.com
Terri,Steele,tsteele@example.com
Brian,Bender,bbender@example.com
Carrie,Garcia,cgarcia@example.com
Hector,Meyers,hmeyers@example.com
Olivia,Fuentes,ofuentes@example.com
Dana,Vang,dvang@example.com
James,Brewer,jbrewer@example.com
Dana,Shaw,dshaw@example.com
Brandon,Luna,bluna@example.com
Michael,Nelson,mnelson@example.com
Lori,Franklin,lfranklin@example.com
Randall,Harmon,rharmon@example.com
Shirley,Hebert,shebert@example.com
Candace,Lawrence,clawrence@example.com
Earl,Juarez,ejuarez@example.com
Henry,Mills,hmills@example.com
Brandon,Sanders,bsanders@example.com
Danielle,Cameron,dcameron@example.com
Edward,Campbell,ecampbell@example.com
Jessica,Lewis,jlewis@example.com
Ashley,Odom,aodom@example.com
Amber,Russell,arussell@example.com
Dylan,Gonzalez,dgonzalez@example.com
Anna,Rhodes,arhodes@example.com
Sophia,Burke,sburke@example.com
Jacqueline,Bautista,jbautista@example.com
James,Webb,jwebb@example.com
Ashlee,Hill,ahill@example.com
Anthony,Stanton,astanton@example.com
Carlos,Miller,cmiller@example.com
Frank,Ingram,fingram@example.com
Rhonda,Bray,rbray@example.com
Suzanne,Simpson,ssimpson@example.com
Matthew,Diaz,mdiaz@example.com
Kaitlyn,Jones,kjones@example.com
Brittany,Jimenez,bjimenez@example.com
Mark,Wells,mwells@example.com
Joshua,Allen,jallen@example.com
Patrick,Rose,prose@example.com
Anna,Lee,alee@example.com
Ernest,Davis,edavis@example.com
George,Curtis,gcurtis@example.com
Joan,Becker,jbecker@example.com
Anne,Wood,awood@example.com
Jennifer,Wilcox,jwilcox@example.com
Stacy,Mendez,smendez@example.com
Marcus,Manning,mmanning@example.com
Kristen,Dennis,kdennis@example.com
Alexandra,Ryan,aryan@example.com
Andrew,Gibson,agibson@example.com
Kelly,Sanchez,ksanchez@example.com
Melissa,Castro,mcastro@example.com
Christopher,Ross,cross@example.com
Dennis,Benton,dbenton@example.com
Joan,Johnson,jjohnson@example.com
Erica,Ashley,eashley@example.com
Patrick,Edwards,pedwards@example.com
Joseph,Harper,jharper@example.com
Frank,Thomas,fthomas@example.com
Andre,Price,aprice@example.com
Katie,Solomon,ksolomon@example.com
Anthony,Carney,acarney@example.com
Jeffrey,Saunders,jsaunders@example.com
Charles,Christensen,cchristensen@example.com
Melissa,Kelley,mkelley@example.com
Susan,Hood,shood@example.com
Bryan,Morris,bmorris@example.com
Colin,Parker,cparker@example.com
Anne,Barnes,abarnes@example.com
Timothy,Phillips,tphillips@example.com
Deanna,Liu,dliu@example.com
Thomas,Santos,tsantos@example.com
Noah,Black,nblack@example.com
Kelly,Huff,khuff@example.com
Kelsey,Kramer,kkramer@example.com
Jessica,Martinez,jmartinez@example.com
Autumn,Stewart,astewart@example.com
Hannah,Young,hyoung@example.com
Jasmine,James,jjames@example.com
Dylan,Marshall,dmarshall@example.com
Omar,Figueroa,ofigueroa@example.com
Ellen,Wilson,ewilson@example.com
Connie,Rogers,crogers@example.com
Joyce,Roberts,jroberts@example.com
Rickey,Lloyd,rlloyd@example.com
Carrie,Avery,cavery@example.com
Nancy,Davidson,ndavidson@example.com
Christopher,Robinson,crobinson@example.com
Paul,Blevins,pblevins@example.com
Matthew,Pope,mpope@example.com
Darius,Marsh,dmarsh@example.com
Rebecca,Anderson,randerson@example.com
Kyle,Coleman,kcoleman@example.com
Julian,Day,jday@example.com
Janet,Cox,jcox@example.com
Steve,Ramirez,sramirez@example.com
John,Contreras,jcontreras@example.com
Tina,Walker,twalker@example.com
Alison,Murphy,amurphy@example.com
Melissa,Cummings,mcummings@example.com
Monica,Charles,mcharles@example.com
Jill,Warren,jwarren@example.com
Stacey,Bryan,sbryan@example.com
Nicole,Freeman,nfreeman@example.com
Shawn,Cobb,scobb@example.com
Michael,Perez,mperez@example.com
Alexandria,Adams,aadams@example.com
Leslie,Bright,lbright@example.com
Sharon,Hart,shart@example.com
Anthony,Kelly,akelly@example.com
Diane,Williams,dwilliams@example.com
Nancy,Cooper,ncooper@example.com
Tina,Randall,trandall@example.com
Andrew,Case,acase@example.com
Daniel,Rowe,drowe@example.com
Monique,Cain,mcain@example.com
Kristina,Li,kli@example.com
Jenny,Leach,jleach@example.com
Cathy,Simmons,csimmons@example.com
Richard,Scott,rscott@example.com
Scott,Clark,sclark@example.com
Christopher,Snyder,csnyder@example.com
Kelly,Barajas,kbarajas@example.com
Joseph,Payne,jpayne@example.com
Samantha,Ruiz,sruiz@example.com
Sheri,Alvarez,salvarez@example.com
Christopher,Cochran,ccochran@example.com
Philip,Vasquez,pvasquez@example.com
Robin,Herrera,rherrera@example.com
Christine,Barber,cbarber@example.com
Julie,Harrington,jharrington@example.com
Megan,Garza,mgarza@example.com
Alexander,Roach,aroach@example.com
Michael,Tyler,mtyler@example.com
Brett,Trujillo,btrujillo@example.com
Nancy,Washington,nwashington@example.com
Michael,Andrade,mandrade@example.com
Curtis,Petersen,cpetersen@example.com
Shari,Dunlap,sdunlap@example.com
Jennifer,Brooks,jbrooks@example.com
Troy,Clayton,tclayton@example.com
Amber,Gordon,agordon@example.com
Luis,Forbes,lforbes@example.com
Elizabeth,Griffith,egriffith@example.com
Deborah,Huffman,dhuffman@example.com
Andrew,Aguilar,aaguilar@example.com
Heather,Lang,hlang@example.com
Terry,Haley,thaley@example.com
Carolyn,Cantu,ccantu@example.com
Kimberly,Clements,kclements@example.com
Monica,Mora,mmora@example.com
Sarah,Burnett,sburnett@example.com
Renee,Goodwin,rgoodwin@example.com
Brenda,Torres,btorres@example.com
Edward,Jennings,ejennings@example.com
Betty,Schwartz,bschwartz@example.com
Brandon,Weber,bweber@example.com
Christine,Wu,cwu@example.com
Jesus,Orr,jorr@example.com
Robert,Chan,rchan@example.com
Nicole,Patton,npatton@example.com
Christine,Yang,cyang@example.com
Benjamin,Lambert,blambert@example.com
Miguel,Lucas,mlucas@example.com
Tyler,Turner,tturner@example.com
Vanessa,Welch,vwelch@example.com
Carl,Velasquez,cvelasquez@example.com
Robin,Gay,rgay@example.com
Antonio,Mosley,amosley@example.com
Willie,Yoder,wyoder@example.com
Jessica,Cordova,jcordova@example.com
Jessica,Rasmussen,jrasmussen@example.com
Alex,Tucker,atucker@example.com
Matthew,Alexander,malexander@example.com
Dennis,Mccarty,dmccarty@example.com
Joshua,Henry,jhenry@example.com
Alicia,Guerra,aguerra@example.com
Robert,May,rmay@example.com
Martin,Wallace,mwallace@example.com
Lori,Escobar,lescobar@example.com
Margaret,Pena,mpena@example.com
Juan,Rowland,jrowland@example.com
Joseph,Patterson,jpatterson@example.com
William,Mullins,wmullins@example.com
Anthony,Nunez,anunez@example.com
Vincent,Carter,vcarter@example.com
Alicia,Hawkins,ahawkins@example.com
James,Berry,jberry@example.com
Kaitlyn,Perkins,kperkins@example.com
Stephen,Ayala,sayala@example.com
Ashley,Carrillo,acarrillo@example.com
Emily,Hansen,ehansen@example.com
Tracy,Hernandez,thernandez@example.com
Karen,Beck,kbeck@example.com
Stephen,Sosa,ssosa@example.com
Nicholas,Eaton,neaton@example.com
Cynthia,Myers,cmyers@example.com
Lori,Berg,lberg@example.com
Maria,Hicks,mhicks@example.com
Paul,Terry,pterry@example.com
Derrick,Choi,dchoi@example.com
Shelby,Rush,srush@example.com
Renee,Little,rlittle@example.com
Timothy,Lowe,tlowe@example.com
Richard,Long,rlong@example.com
David,Peterson,dpeterson@example.com
Savannah,Conley,sconley@example.com
Michael,Elliott,melliott@example.com
Hayley,Carlson,hcarlson@example.com
Ashley,Copeland,acopeland@example.com
John,Morton,jmorton@example.com
Kendra,Fisher,kfisher@example.com
Craig,Johns,cjohns@example.com
Bobby,Hogan,bhogan@example.com
Shawn,Ramos,sramos@example.com
Melissa,Kline,mkline@example.com
Margaret,Jordan,mjordan@example.com
Jessica,Frazier,jfrazier@example.com
Kimberly,Tran,ktran@example.com
Heather,Mullen,hmullen@example.com
Anthony,Mitchell,amitchell@example.com
Jose,Espinoza,jespinoza@example.com
Jesus,Bolton,jbolton@example.com
Jack,Christian,jchristian@example.com
Deborah,Jenkins,djenkins@example.com
James,Golden,jgolden@example.com
Veronica,Rangel,vrangel@example.com
Ryan,Bradshaw,rbradshaw@example.com
Joshua,Leblanc,jleblanc@example.com
Melissa,Jefferson,mjefferson@example.com
Sabrina,Graham,sgraham@example.com
Scott,Hopkins,shopkins@example.com
Robert,Mckay,rmckay@example.com
Tiffany,Lyons,tlyons@example.com
Peter,Kennedy,pkennedy@example.com
Gloria,Larson,glarson@example.com
Kimberly,Callahan,kcallahan@example.com
Katie,Arnold,karnold@example.com
Michael,Riley,mriley@example.com
Stephanie,Stone,sstone@example.com
Bobby,Reynolds,breynolds@example.com
Brian,Atkins,batkins@example.com
Kristin,Goodman,kgoodman@example.com
Amanda,Rodriguez,arodriguez@example.com
Richard,Norris,rnorris@example.com
Katie,Keller,kkeller@example.com
Jessica,Porter,jporter@example.com
Nicholas,Jacobs,njacobs@example.com
Jorge,Chase,jchase@example.com
Grace,Mathis,gmathis@example.com
Alexandra,Woods,awoods@example.com
Christopher,Fleming,cfleming@example.com
Debra,Booth,dbooth@example.com
Frederick,Evans,fevans@example.com
Rachel,Ponce,rponce@example.com
